1,Number
2,BIDMAS
3,Upper and Lower Bounds
4,Calculator Use
5,Decimals
6,"Factors, Multiples and Primes"
7,"Fractions, Decimals and Percentage Equivalence"
8,Fractions
9,"Indices, Powers and Roots"
10,Basic Money
11,Negative Numbers
12,Percentages
13,Proportion
14,Ratio
15,Standard Form
16,Surds
17,Algebra
18,Expanding Single Brackets
19,Expanding Double Brackets
20,Factorising into a Single Bracket
21,Factorising into a Double Bracket
22,Straight Line Graphs
23,Quadratic Graphs
24,Graphs of Trigonometric Functions
25,Cubics and Reciprocals
26,Real Life Graphs
27,Inequalities
28,Rearranging Formula and Equations
29,Sequences
30,Writing and Simplifying Expressions
31,Simultaneous Equations
32,Linear Equations
33,Quadratic Equations
35,Substitution into Formula
36,Transformation of Functions
37,Trial and Improvement and Iterative Methods
38,Writing Expressions
39,Geometry and Measure
40,3D Pythagoras
41,"Types, Naming and Estimating"
42,Angles
43,Area of Simple Shapes
44,Bearings
45,Circles
46,Circle Theorems
47,Compound Measures
48,Congruency in Triangles
49,Co-ordinates
50,"Construction, Loci and Scale Drawing"
51,Properties of Polygons
52,Nets
53,Perimeter
54,Plans and Elevations
55,Properties of Quadrilaterals
56,2D Pythagoras
57,Length Scale Factors in Similar Shapes
58,Symmetry
59,Reflection
60,Rotation
61,Enlargement
62,Translation and Vectors
64,Basic Trigonometry
65,Units of Measurement
66,Basic Vectors
67,Volume and Surface Area
68,Data and Statistics
69,"Averages (mean, median, mode) from a List of Data"
70,Averages and Range from Grouped Data
71,Box Plots
72,Cumulative Frequency Diagram
73,Block Graphs and Bar Charts
74,Histogram
75,Pictogram
76,Pie Chart
77,Experimental Probability and Relative Frequency
78,Probability of Single Events
79,Tree Diagrams with Dependent Events
80,Data Collection
82,Scatter Diagram
83,Stem and Leaf Diagram
84,Time Series and Line Graphs
85,Two Way Tables
86,Advanced Pure
87,Factor Theorem
88,Differentiation
89,Exponentials and Logarithms
91,Matrices
96,Rounding and Estimating
97,Advanced Algebra
98,Basic Arithmetic
99,Functions
102,Expanding Brackets
103,Factorising
104,Solving Equations
105,Formula
106,Writing Formula
107,Other Graphs
108,Equation of a Circle
109,Graphs of Exponentials and Other Powers of x
110,Transformations of functions in the form y =
111,Transformations of functions in the form f(x)
112,Inequalities on Number Lines
113,Solving Linear Inequalities
114,Graphing Linear Inequalities (Shading Regions)
115,Solving Quadratic Inequalities
116,Linear Sequences (nth term)
117,Quadratic Sequences
118,Other Sequences
119,2D Names and Properties of Shapes
120,Properties of Triangles
121,3D Shapes
122,Names and Properties of 3D Shapes
123,Perimeter and Area
124,Compound Area
125,Measuring Angles
126,"Basic Angle Facts (straight line, opposite, around a point, etc)"
127,Angle Facts with Parallel Lines
128,Angles in Polygons
129,Parts of a Circle
130,Circumference
131,Area of a Circle
132,Sectors of a Circle
133,Surface Area of Prisms
134,Volume of Prisms
137,Construct Angle and Line Bisectors
138,Loci Scenarios
139,Length Units
140,Area Units
141,Volume and Capacity Units
142,Weight Units
143,Temperature units
144,Counting
145,Place Value
146,Mental Addition and Subtraction
147,Mental Multiplication and Division
148,Written Addition
149,Written Subtraction
150,Written Multiplication
151,Written Division
152,Time
153,Ordering Negative Numbers
154,Adding and Subtracting Negative Numbers
155,Multiplying and Dividing Negative Numbers
156,"Rounding to the Nearest Whole (10, 100, etc)"
157,Rounding to Decimal Places
158,Rounding to Significant Figures
159,Estimation
160,Basic Calculator Use
162,Factors and Highest Common Factor
163,Multiples and Lowest Common Multiple
164,Prime Numbers and Prime Factors
165,Ordering Decimals
166,Adding and Subtracting with Decimals
167,Multiplying and Dividing with Decimals
168,Fractions of an Amount
169,Equivalent Fractions
170,Simplifying Fractions
171,Ordering Fractions
172,Converting Mixed Number and Improper Fractions
173,Adding and Subtracting Fractions
174,Multiplying Fractions
175,Dividing Fractions
176,Percentages of an Amount
177,Percentage Increase and Decrease
178,Reverse Percentages (Original Amount)
179,Repeated Percentages and Compound Interest
180,Converting between Fractions and Decimals
181,Converting between Fractions and Percentages
182,Converting between Decimals and Percentages
183,Simplifying and Equivalent Ratios
184,Sharing in a Ratio
185,Find Missing Quantities
186,Direct Proportion
187,Indirect (Inverse) Proportion
188,"Squares, Cubes, etc"
189,"Square Roots, Cube Roots, etc"
190,Laws of Indices
191,Simplifying Surds
192,Operations with Surds
193,Rationalising the Denominator
194,Simplifying Expressions by Collecting Like Terms
195,Multiplying Terms
196,Dividing Terms
197,Difference of Two Squares
198,Algebraic Fractions
199,Completing the Square
200,Plotting Lines from Tables of Values
201,Horizontal and Vertical Lines
202,Finding the Equation of a Line
203,Finding the Gradient and Intercept of a Line from the Equation
204,Gradient as change in y over change in x
205,Parallel Lines
206,Perpendicular Lines
207,Graphical Solution of Simultaneous Equations
208,Plotting Quadratics from Tables of Values
209,Sketching from Factorised Form
210,Sketching from Completing the Square Form
211,Graphical Solution of Quadratic Equations
212,"Speed, Distance, Time"
213,Density
214,Pythagoras
215,Similarity and Congruency
216,"Length, Area and Volume Scale Factors"
217,Congruency in Other Shapes
218,Line Symmetry
219,Rotational Symmetry
220,3D Plane Symmetry
221,Transformations
222,Right-angled Triangles (SOHCAHTOA)
223,Non Right-angled Triangles (Sine and Cosine Rules)
225,Exact Values of Trigonometric Ratios
226,Add and Subtract Vectors
227,Vector Geometry
232,Money
233,Currency Conversions
234,Writing Ratios
235,Expanding Triple Brackets and more
236,Tally Charts
237,Types of Data and Questionnaires
238,Data Processing
239,Range and Interquartile Range from a List of Data
240,Averages and Range from Frequency Table
241,Interpreting and Comparing Data using Averages and Range
242,Data Representation
244,Venn Diagrams
245,Probability
246,Combined Events
247,Tree Diagrams with Independent Events
250,Probability with Venn Diagrams
259,Finding the Gradient
260,Finding Maximums and Minimums
262,Equations of Tangents
266,Naming Co-ordinates in 2D
268,Midpoint Between Two Co-ordinates
269,Gradient Between Two Co-ordinates
270,Distance Between Two Co-ordinates
276,Laws of Logarithms
279,Function Notation
280,Domain and Range
281,Inverse Functions
282,Composite Functions
283,Angles in Triangles
286,Addition and Subtraction of Matrices
297,Function Machines
298,Relating Quadratic Graphs to the Discriminant
299,Missing Lengths
300,Co-ordinate Geometry with Straight Lines
301,Isometric Drawings
302,Physics
303,Forces and Motion
304,Speed and Distance-Time graphs
306,Solving Trigonometric Equations
307,Simplifying Algebraic Fractions
308,Adding and Subtracting Algebraic Fractions
310,Solving Equations with Algebraic Fractions
311,Algebraic Proof
312,Recurring Decimals to Fractions
313,Maths-Others
314,Number-Others
316,Decimals-Others
317,"Factors, Multiples and Primes-Others"
318,"Fractions, Decimals and Percentage Equivalence-Others"
319,Fractions-Others
324,Ratio-Others
326,Algebra-Others
327,Straight Line Graphs-Others
328,Quadratic Graphs-Others
332,Transformation of Functions-Others
333,Geometry and Measure-Others
337,Co-ordinates-Others
338,"Construction, Loci and Scale Drawing-Others"
342,Basic Vectors-Others
345,Data Collection-Others
350,Basic Arithmetic-Others
355,Solving Equations-Others
359,3D Shapes-Others
360,Perimeter and Area-Others
365,Money-Others
368,Probability-Others
369,Systematic Listing Strategies
370,Science
371,Scale Drawing and Maps
372,Surface Area of Non-Prisms
373,Volume of Non-Prisms
374,Frequency Trees
377,Roman Numerals
382,Types of number
387,Labelling Shapes